{
  "execPath": "/home/student/.platformio/packages/toolchain-atmelavr/bin/avr-g++",
  "gccDefaultCFlags": "-fsyntax-only -std=gnu11 -fno-fat-lto-objects -g -Os -Wall -ffunction-sections -fdata-sections -flto -mmcu=atmega328p -DF_CPU=16000000L -DPLATFORMIO=30503 -DARDUINO_AVR_UNO -DARDUINO_ARCH_AVR -DARDUINO=10620",
  "gccDefaultCppFlags": "-fsyntax-only -fno-exceptions -fno-threadsafe-statics -fpermissive -std=gnu++11 -g -Os -Wall -ffunction-sections -fdata-sections -flto -mmcu=atmega328p -DF_CPU=16000000L -DPLATFORMIO=30503 -DARDUINO_AVR_UNO -DARDUINO_ARCH_AVR -DARDUINO=10620",
  "gccErrorLimit": 15,
  "gccIncludePaths": "/home/student/.platformio/packages/framework-arduinoavr/cores/arduino,/home/student/.platformio/packages/framework-arduinoavr/variants/standard,/home/student/Documents/Proftaak/Stoplichten ver 1/src,/home/student/.platformio/packages/framework-arduinoavr/libraries/__cores__/arduino/SPI/src,/home/student/.platformio/packages/framework-arduinoavr/libraries/WiFi/src,/home/student/.platformio/packages/framework-arduinoavr/libraries/__cores__/arduino/EEPROM/src,/home/student/.platformio/packages/framework-arduinoavr/libraries/__cores__/arduino/HID/src,/home/student/.platformio/packages/framework-arduinoavr/libraries/__cores__/arduino/SoftwareSerial/src,/home/student/.platformio/packages/framework-arduinoavr/libraries/__cores__/arduino/Wire/src,/home/student/.platformio/packages/framework-arduinoavr/libraries/Adafruit_CircuitPlayground,/home/student/.platformio/packages/framework-arduinoavr/libraries/Adafruit_CircuitPlayground/utility,/home/student/.platformio/packages/framework-arduinoavr/libraries/Bridge/src,/home/student/.platformio/packages/framework-arduinoavr/libraries/Esplora/src,/home/student/.platformio/packages/framework-arduinoavr/libraries/Ethernet/src,/home/student/.platformio/packages/framework-arduinoavr/libraries/Firmata,/home/student/.platformio/packages/framework-arduinoavr/libraries/Firmata/utility,/home/student/.platformio/packages/framework-arduinoavr/libraries/GSM/src,/home/student/.platformio/packages/framework-arduinoavr/libraries/Keyboard/src,/home/student/.platformio/packages/framework-arduinoavr/libraries/LiquidCrystal/src,/home/student/.platformio/packages/framework-arduinoavr/libraries/Mouse/src,/home/student/.platformio/packages/framework-arduinoavr/libraries/RobotIRremote/src,/home/student/.platformio/packages/framework-arduinoavr/libraries/Robot_Control/src,/home/student/.platformio/packages/framework-arduinoavr/libraries/Robot_Motor/src,/home/student/.platformio/packages/framework-arduinoavr/libraries/SD/src,/home/student/.platformio/packages/framework-arduinoavr/libraries/Servo/src,/home/student/.platformio/packages/framework-arduinoavr/libraries/SpacebrewYun/src,/home/student/.platformio/packages/framework-arduinoavr/libraries/Stepper/src,/home/student/.platformio/packages/framework-arduinoavr/libraries/TFT/src,/home/student/.platformio/packages/framework-arduinoavr/libraries/Temboo/src,/home/student/.platformio/packages/toolchain-atmelavr/avr/include,/home/student/.platformio/packages/toolchain-atmelavr/lib/gcc/avr/4.9.2/include,/home/student/.platformio/packages/toolchain-atmelavr/lib/gcc/avr/4.9.2/include-fixed,/home/student/.platformio/packages/tool-unity",
  "gccSuppressWarnings": false
}
